{"peak_memory_per_gpu": [[59971.25, 59971.25], [60939.25, 61099.25], [61031.25, 61031.25], [61001.25, 61081.25], [60921.25, 60921.25], [61031.25, 61031.25], [60921.25, 61321.25], [61031.25, 61031.25], [61081.25, 60921.25], [60921.25, 61031.25]], "gpu_util_per_gpu": [[100, 0], [100, 49], [100, 34], [100, 0], [100, 58], [100, 79], [100, 10], [100, 41], [100, 42], [100, 57]], "epoch_time": [106.2810263633728, 105.58667516708374, 104.98874378204346, 105.50833344459534, 106.01566100120544, 105.07689499855042, 105.05554294586182, 104.28863596916199, 105.20714688301086, 104.66738247871399], "epoch": [0, 1, 2, 3, 4, 5, 6, 7, 8, 9], "resolution": [128, 128, 128, 128, 128, 128, 128, 128, 128, 128], "batch_size": [64, 64, 64, 64, 64, 64, 64, 64, 64, 64]}