{"peak_memory_per_gpu": [[14575.25, 14575.25], [14587.25, 14587.25], [14587.25, 14587.25], [14587.25, 14587.25], [14587.25, 14587.25], [14587.25, 14587.25], [14587.25, 14587.25], [14587.25, 14587.25], [14587.25, 14587.25], [14587.25, 14587.25]], "gpu_util_per_gpu": [[17, 0], [89, 97], [97, 0], [97, 63], [97, 59], [97, 64], [98, 23], [97, 57], [78, 97], [97, 55]], "epoch_time": [18.369849681854248, 16.936177492141724, 15.662554740905762, 16.20383906364441, 16.36967968940735, 16.93622612953186, 15.871398687362671, 16.45379638671875, 17.059454202651978, 15.875866651535034], "epoch": [0, 1, 2, 3, 4, 5, 6, 7, 8, 9], "resolution": [16, 16, 16, 16, 16, 16, 16, 16, 16, 16], "batch_size": [64, 64, 64, 64, 64, 64, 64, 64, 64, 64]}