{"peak_memory_per_gpu": [[81555.25, 81555.25], [80923.25, 80923.25], [81013.25, 81013.25], [80923.25, 80923.25], [81013.25, 81013.25], [80923.25, 80923.25], [81013.25, 81013.25], [80923.25, 80923.25], [81013.25, 81013.25], [80923.25, 80923.25]], "gpu_util_per_gpu": [[0, 0], [100, 87], [100, 0], [100, 0], [100, 0], [100, 0], [100, 41], [100, 50], [100, 0], [100, 31]], "epoch_time": [161.88984894752502, 201.98454928398132, 205.7568666934967, 201.6160442829132, 205.5198335647583, 202.82790899276733, 205.47581505775452, 202.50635385513306, 205.36615681648254, 202.39072561264038], "epoch": [0, 1, 2, 3, 4, 5, 6, 7, 8, 9], "resolution": [160, 160, 160, 160, 160, 160, 160, 160, 160, 160], "batch_size": [64, 64, 64, 64, 64, 64, 64, 64, 64, 64]}