{"peak_memory_per_gpu": [[16849.25, 16849.25], [16831.25, 16831.25], [16831.25, 16831.25], [16831.25, 16831.25], [16831.25, 16831.25], [16831.25, 16831.25], [16831.25, 16831.25], [16831.25, 16831.25], [16831.25, 16831.25], [16831.25, 16831.25]], "gpu_util_per_gpu": [[8, 0], [99, 63], [99, 0], [91, 57], [98, 97], [74, 87], [96, 0], [99, 30], [74, 97], [97, 65]], "epoch_time": [20.763232469558716, 18.706241369247437, 19.227901458740234, 19.678858280181885, 19.69770359992981, 19.710182905197144, 19.759560346603394, 19.810184001922607, 19.338852882385254, 19.680124521255493], "epoch": [0, 1, 2, 3, 4, 5, 6, 7, 8, 9], "resolution": [32, 32, 32, 32, 32, 32, 32, 32, 32, 32], "batch_size": [64, 64, 64, 64, 64, 64, 64, 64, 64, 64]}