{"peak_memory_per_gpu": [[25463.25, 25463.25], [25559.25, 25559.25], [25555.25, 25555.25], [25555.25, 25555.25], [25555.25, 25555.25], [25555.25, 25555.25], [25555.25, 25555.25], [25555.25, 25555.25], [25555.25, 25555.25], [25555.25, 25555.25]], "gpu_util_per_gpu": [[58, 0], [100, 99], [100, 1], [100, 0], [100, 55], [100, 54], [92, 35], [100, 0], [100, 74], [88, 99]], "epoch_time": [38.12313914299011, 35.98685812950134, 35.30877661705017, 35.75169658660889, 36.15447473526001, 35.60530495643616, 36.338120460510254, 35.56942415237427, 35.65211582183838, 35.321274518966675], "epoch": [0, 1, 2, 3, 4, 5, 6, 7, 8, 9], "resolution": [64, 64, 64, 64, 64, 64, 64, 64, 64, 64], "batch_size": [64, 64, 64, 64, 64, 64, 64, 64, 64, 64]}