{"peak_memory_per_gpu": [[41561.25, 41561.25], [42345.25, 42345.25], [42345.25, 42345.25], [42519.25, 42519.25], [42345.25, 42345.25], [42519.25, 42519.25], [42345.25, 42345.25], [42519.25, 42519.25], [42345.25, 42345.25], [42519.25, 42519.25]], "gpu_util_per_gpu": [[100, 0], [100, 43], [100, 59], [100, 98], [100, 31], [100, 0], [100, 96], [100, 44], [100, 59], [100, 0]], "epoch_time": [67.6225438117981, 65.6461431980133, 66.16856408119202, 66.18135714530945, 66.97533202171326, 67.01634931564331, 66.33202338218689, 66.16084909439087, 66.34153962135315, 66.1556191444397], "epoch": [0, 1, 2, 3, 4, 5, 6, 7, 8, 9], "resolution": [96, 96, 96, 96, 96, 96, 96, 96, 96, 96], "batch_size": [64, 64, 64, 64, 64, 64, 64, 64, 64, 64]}