{"peak_memory_per_gpu": [[59647.25, 59647.25, 59647.25, 59647.25], [60591.25, 60591.25, 60591.25, 60751.25], [60707.25, 60707.25, 60707.25, 60689.25], [61317.25, 60597.25, 60597.25, 60849.25], [60571.25, 60707.25, 60707.25, 60917.25], [60707.25, 60597.25, 60757.25, 60597.25], [60757.25, 60707.25, 60663.25, 60707.25], [60663.25, 60597.25, 61089.25, 60597.25], [60663.25, 60707.25, 60771.25, 60707.25], [61089.25, 60597.25, 60597.25, 60597.25]], "gpu_util_per_gpu": [[100, 0, 0, 0], [100, 51, 0, 0], [100, 74, 0, 0], [100, 76, 0, 0], [100, 0, 0, 0], [100, 100, 0, 0], [100, 0, 0, 0], [100, 100, 0, 0], [100, 48, 0, 0], [100, 82, 6, 0]], "epoch_time": [57.33822822570801, 54.676182985305786, 54.936790466308594, 55.046119928359985, 54.96048164367676, 55.04978132247925, 54.810715198516846, 55.08390474319458, 54.71932649612427, 55.07721948623657], "epoch": [0, 1, 2, 3, 4, 5, 6, 7, 8, 9], "resolution": [128, 128, 128, 128, 128, 128, 128, 128, 128, 128], "batch_size": [64, 64, 64, 64, 64, 64, 64, 64, 64, 64]}