{"peak_memory_per_gpu": [[14251.25, 14251.25, 14251.25, 14251.25], [14263.25, 14263.25, 14263.25, 14263.25], [14263.25, 14263.25, 14263.25, 14263.25], [14263.25, 14263.25, 14263.25, 14263.25], [14263.25, 14263.25, 14263.25, 14263.25], [14263.25, 14263.25, 14263.25, 14263.25], [14263.25, 14263.25, 14263.25, 14263.25], [14263.25, 14263.25, 14263.25, 14263.25], [14263.25, 14263.25, 14263.25, 14263.25], [14263.25, 14263.25, 14263.25, 14263.25]], "gpu_util_per_gpu": [[100, 24, 0, 0], [100, 40, 0, 0], [100, 45, 0, 0], [98, 100, 0, 0], [100, 100, 0, 0], [100, 22, 0, 0], [100, 100, 0, 0], [100, 44, 0, 0], [100, 88, 0, 0], [100, 100, 0, 0]], "epoch_time": [17.97274351119995, 16.298490524291992, 17.33017873764038, 16.43603205680847, 16.157591819763184, 17.34298062324524, 17.335943937301636, 15.557600736618042, 17.233593463897705, 15.781567096710205], "epoch": [0, 1, 2, 3, 4, 5, 6, 7, 8, 9], "resolution": [16, 16, 16, 16, 16, 16, 16, 16, 16, 16], "batch_size": [64, 64, 64, 64, 64, 64, 64, 64, 64, 64]}