{"peak_memory_per_gpu": [[81231.25, 81231.25, 81231.25, 81231.25], [81351.25, 81351.25, 81351.25, 81351.25], [81101.25, 81101.25, 81101.25, 81101.25], [81101.25, 81101.25, 81101.25, 81101.25], [81101.25, 81101.25, 81101.25, 81101.25], [81101.25, 81101.25, 81101.25, 81101.25], [81101.25, 81101.25, 81101.25, 81101.25], [81101.25, 81101.25, 81101.25, 81101.25], [81101.25, 81101.25, 81101.25, 81101.25], [81101.25, 81101.25, 81101.25, 81101.25]], "gpu_util_per_gpu": [[100, 30, 0, 0], [100, 0, 0, 0], [100, 13, 0, 0], [100, 37, 0, 0], [100, 74, 0, 0], [100, 42, 0, 0], [100, 0, 0, 0], [100, 51, 0, 0], [100, 58, 0, 0], [100, 26, 0, 0]], "epoch_time": [86.34276056289673, 85.41015696525574, 86.24034118652344, 88.02786707878113, 87.90502953529358, 86.11901307106018, 87.87518763542175, 87.52963399887085, 88.20446848869324, 87.55731129646301], "epoch": [0, 1, 2, 3, 4, 5, 6, 7, 8, 9], "resolution": [160, 160, 160, 160, 160, 160, 160, 160, 160, 160], "batch_size": [64, 64, 64, 64, 64, 64, 64, 64, 64, 64]}