{"peak_memory_per_gpu": [[16525.25, 16525.25, 16525.25, 16525.25], [16507.25, 16507.25, 16507.25, 16507.25], [16507.25, 16507.25, 16507.25, 16507.25], [16507.25, 16507.25, 16507.25, 16507.25], [16507.25, 16507.25, 16507.25, 16507.25], [16507.25, 16507.25, 16507.25, 16507.25], [16507.25, 16507.25, 16507.25, 16507.25], [16507.25, 16507.25, 16507.25, 16507.25], [16507.25, 16507.25, 16507.25, 16507.25], [16507.25, 16507.25, 16507.25, 16507.25]], "gpu_util_per_gpu": [[100, 0, 0, 0], [100, 100, 0, 0], [100, 76, 0, 0], [100, 32, 0, 0], [100, 3, 0, 0], [100, 100, 0, 0], [100, 100, 0, 0], [100, 100, 0, 0], [100, 98, 8, 0], [100, 84, 0, 0]], "epoch_time": [19.702073097229004, 17.88712430000305, 17.46069097518921, 16.443973064422607, 16.687188863754272, 16.42926025390625, 16.708415746688843, 17.54487156867981, 16.589588165283203, 16.806864023208618], "epoch": [0, 1, 2, 3, 4, 5, 6, 7, 8, 9], "resolution": [32, 32, 32, 32, 32, 32, 32, 32, 32, 32], "batch_size": [64, 64, 64, 64, 64, 64, 64, 64, 64, 64]}