{"peak_memory_per_gpu": [[25139.25, 25139.25, 25139.25, 25139.25], [25235.25, 25235.25, 25235.25, 25235.25], [25231.25, 25231.25, 25231.25, 25231.25], [25235.25, 25235.25, 25235.25, 25235.25], [25231.25, 25231.25, 25231.25, 25231.25], [25235.25, 25235.25, 25235.25, 25235.25], [25231.25, 25231.25, 25231.25, 25231.25], [25235.25, 25235.25, 25235.25, 25235.25], [25231.25, 25231.25, 25231.25, 25231.25], [25235.25, 25235.25, 25235.25, 25235.25]], "gpu_util_per_gpu": [[100, 0, 0, 0], [100, 100, 0, 0], [100, 0, 0, 0], [100, 89, 0, 0], [100, 0, 0, 0], [100, 76, 0, 0], [100, 88, 0, 0], [100, 100, 0, 0], [100, 40, 0, 0], [100, 81, 0, 0]], "epoch_time": [24.137998580932617, 22.967315673828125, 23.600948572158813, 22.67025589942932, 22.418055057525635, 23.451874494552612, 23.670142889022827, 23.662270307540894, 23.52706813812256, 23.714481353759766], "epoch": [0, 1, 2, 3, 4, 5, 6, 7, 8, 9], "resolution": [64, 64, 64, 64, 64, 64, 64, 64, 64, 64], "batch_size": [64, 64, 64, 64, 64, 64, 64, 64, 64, 64]}