{"peak_memory_per_gpu": [[41237.25, 41237.25, 41237.25, 41237.25], [42021.25, 42021.25, 42021.25, 42021.25], [42021.25, 42021.25, 42021.25, 42021.25], [42021.25, 42021.25, 42021.25, 42021.25], [42021.25, 42021.25, 42021.25, 42021.25], [42021.25, 42021.25, 42021.25, 42021.25], [42021.25, 42021.25, 42021.25, 42021.25], [42021.25, 42021.25, 42021.25, 42021.25], [42021.25, 42021.25, 42021.25, 42021.25], [42021.25, 42021.25, 42021.25, 42021.25]], "gpu_util_per_gpu": [[100, 0, 0, 0], [100, 20, 0, 0], [100, 63, 0, 0], [100, 4, 0, 0], [100, 63, 0, 0], [100, 100, 0, 0], [100, 0, 0, 0], [100, 72, 0, 0], [100, 0, 0, 0], [100, 88, 0, 0]], "epoch_time": [38.203766107559204, 34.83345007896423, 34.851794719696045, 36.28455662727356, 34.681276082992554, 34.89995765686035, 36.337769985198975, 36.35442876815796, 34.73814296722412, 36.20908856391907], "epoch": [0, 1, 2, 3, 4, 5, 6, 7, 8, 9], "resolution": [96, 96, 96, 96, 96, 96, 96, 96, 96, 96], "batch_size": [64, 64, 64, 64, 64, 64, 64, 64, 64, 64]}