{
    "peak_memory": [
        6718.9150390625,
        6718.9150390625,
        6718.9150390625,
        6718.9150390625,
        6718.9150390625,
        6718.9150390625,
        6718.9150390625,
        6718.9150390625,
        6718.9150390625,
        6718.9150390625
    ],
    "gpu_util": [
        72,
        69,
        99,
        0,
        66,
        33,
        56,
        26,
        43,
        7
    ],
    "epoch_time": [
        10.913058996200562,
        9.725523710250854,
        9.955415964126587,
        10.11739444732666,
        9.881727933883667,
        9.924020051956177,
        10.02031397819519,
        9.91317081451416,
        10.22962236404419,
        10.118504762649536
    ],
    "epoch": [
        0,
        1,
        2,
        3,
        4,
        5,
        6,
        7,
        8,
        9
    ],
    "resolution": [
        128,
        128,
        128,
        128,
        128,
        128,
        128,
        128,
        128,
        128
    ],
    "batch_size": [
        128,
        128,
        128,
        128,
        128,
        128,
        128,
        128,
        128,
        128
    ]
}