{
    "peak_memory": [
        1934.0400390625,
        1934.6025390625,
        1934.0400390625,
        1934.9150390625,
        1934.0400390625,
        1934.0400390625,
        1934.9150390625,
        1934.0400390625,
        1934.0400390625,
        1934.9150390625
    ],
    "gpu_util": [
        75,
        61,
        35,
        43,
        42,
        31,
        76,
        48,
        52,
        79
    ],
    "epoch_time": [
        4.998730182647705,
        4.088631868362427,
        4.1237475872039795,
        4.256474494934082,
        4.212685823440552,
        4.169357538223267,
        4.1647679805755615,
        4.137857437133789,
        4.229105710983276,
        4.229752779006958
    ],
    "epoch": [
        0,
        1,
        2,
        3,
        4,
        5,
        6,
        7,
        8,
        9
    ],
    "resolution": [
        64,
        64,
        64,
        64,
        64,
        64,
        64,
        64,
        64,
        64
    ],
    "batch_size": [
        128,
        128,
        128,
        128,
        128,
        128,
        128,
        128,
        128,
        128
    ]
}