{"peak_memory_per_gpu": [[11227.25, 11227.25, 11227.25, 11227.25], [11291.25, 11291.25, 11291.25, 11291.25], [11323.25, 11323.25, 11323.25, 11323.25], [11355.25, 11355.25, 11355.25, 11355.25], [11293.25, 11283.25, 11293.25, 11283.25], [11027.25, 11325.25, 11065.25, 11325.25], [11065.25, 11355.25, 11283.25, 11355.25], [11283.25, 11283.25, 11325.25, 11293.25], [11325.25, 11325.25, 11355.25, 11065.25], [11355.25, 11355.25, 11293.25, 11283.25]], "gpu_util_per_gpu": [[0, 0, 0, 0], [64, 14, 0, 0], [98, 43, 0, 0], [89, 35, 0, 0], [88, 95, 0, 0], [82, 29, 0, 0], [73, 24, 0, 0], [100, 0, 0, 0], [97, 39, 0, 0], [99, 0, 0, 0]], "epoch_time": [9.652767658233643, 8.97485876083374, 9.1216402053833, 9.23987603187561, 8.379060745239258, 8.526154041290283, 9.239800691604614, 9.375113487243652, 9.381571292877197, 8.984272956848145], "epoch": [0, 1, 2, 3, 4, 5, 6, 7, 8, 9], "resolution": [128, 128, 128, 128, 128, 128, 128, 128, 128, 128], "batch_size": [128, 128, 128, 128, 128, 128, 128, 128, 128, 128]}