{"peak_memory_per_gpu": [[1925.25, 1925.25, 1925.25, 1925.25], [1969.25, 1969.25, 1969.25, 1969.25], [1969.25, 1969.25, 1969.25, 1969.25], [1969.25, 1969.25, 1969.25, 1969.25], [1969.25, 1969.25, 1969.25, 1969.25], [1969.25, 1969.25, 1969.25, 1969.25], [1969.25, 1969.25, 1969.25, 1969.25], [1969.25, 1969.25, 1969.25, 1969.25], [1969.25, 1969.25, 1969.25, 1969.25], [1969.25, 1969.25, 1969.25, 1969.25]], "gpu_util_per_gpu": [[0, 0, 0, 0], [70, 39, 0, 0], [65, 27, 0, 0], [68, 0, 0, 0], [69, 11, 0, 0], [67, 9, 0, 0], [67, 10, 0, 0], [66, 36, 0, 0], [68, 26, 0, 0], [68, 19, 0, 0]], "epoch_time": [3.0438404083251953, 3.082367181777954, 2.7824714183807373, 2.7811875343322754, 2.8038241863250732, 2.6443467140197754, 2.796860694885254, 2.7856504917144775, 2.7806692123413086, 2.649369716644287], "epoch": [0, 1, 2, 3, 4, 5, 6, 7, 8, 9], "resolution": [16, 16, 16, 16, 16, 16, 16, 16, 16, 16], "batch_size": [128, 128, 128, 128, 128, 128, 128, 128, 128, 128]}