{"peak_memory_per_gpu": [[2177.25, 2177.25, 2177.25, 2177.25], [2285.25, 2269.25, 2285.25, 2285.25], [2269.25, 2239.25, 2269.25, 2269.25], [2225.25, 2239.25, 2225.25, 2225.25], [2269.25, 2239.25, 2269.25, 2269.25], [2225.25, 2239.25, 2225.25, 2225.25], [2269.25, 2239.25, 2269.25, 2269.25], [2225.25, 2239.25, 2225.25, 2225.25], [2269.25, 2239.25, 2269.25, 2269.25], [2225.25, 2239.25, 2225.25, 2225.25]], "gpu_util_per_gpu": [[69, 0, 0, 0], [43, 15, 0, 0], [71, 0, 0, 0], [64, 0, 0, 0], [74, 14, 0, 0], [76, 14, 0, 0], [71, 9, 0, 0], [71, 15, 0, 0], [72, 15, 0, 0], [75, 36, 0, 0]], "epoch_time": [4.249379873275757, 2.5124781131744385, 2.4920804500579834, 2.6073477268218994, 2.564662456512451, 2.611130475997925, 2.587463617324829, 2.5680928230285645, 2.5774893760681152, 2.551274538040161], "epoch": [0, 1, 2, 3, 4, 5, 6, 7, 8, 9], "resolution": [32, 32, 32, 32, 32, 32, 32, 32, 32, 32], "batch_size": [128, 128, 128, 128, 128, 128, 128, 128, 128, 128]}