{"peak_memory_per_gpu": [[4065.25, 4065.25, 4065.25, 4065.25], [3817.25, 3823.25, 3817.25, 3817.25], [4281.25, 3951.25, 4281.25, 4281.25], [3823.25, 3989.25, 3823.25, 3951.25], [3951.25, 3951.25, 3951.25, 3949.25], [3823.25, 3951.25, 3823.25, 3931.25], [3951.25, 4009.25, 3951.25, 3931.25], [3823.25, 4029.25, 3823.25, 3823.25], [3951.25, 4019.25, 3951.25, 3951.25], [3823.25, 3829.25, 3823.25, 3823.25]], "gpu_util_per_gpu": [[0, 0, 0, 0], [36, 35, 0, 0], [81, 36, 0, 0], [81, 0, 0, 0], [36, 20, 0, 0], [35, 74, 0, 0], [49, 0, 0, 0], [36, 19, 0, 0], [36, 0, 0, 0], [37, 37, 0, 0]], "epoch_time": [5.182430744171143, 4.388077020645142, 4.546136379241943, 3.7270138263702393, 4.482113838195801, 4.586226463317871, 3.7242684364318848, 4.362318992614746, 4.576888084411621, 3.7318379878997803], "epoch": [0, 1, 2, 3, 4, 5, 6, 7, 8, 9], "resolution": [64, 64, 64, 64, 64, 64, 64, 64, 64, 64], "batch_size": [128, 128, 128, 128, 128, 128, 128, 128, 128, 128]}