{"peak_memory_per_gpu": [[11551.25, 11551.25], [11619.25, 11619.25], [11635.25, 11635.25], [11647.25, 11361.25], [11611.25, 11581.25], [11351.25, 11607.25], [11361.25, 11609.25], [11573.25, 11647.25], [11317.25, 11611.25], [11607.25, 11351.25]], "gpu_util_per_gpu": [[100, 0], [99, 84], [58, 43], [71, 44], [91, 7], [100, 0], [73, 42], [76, 65], [94, 0], [100, 14]], "epoch_time": [14.488970518112183, 12.143099308013916, 12.586188793182373, 12.701173543930054, 16.21996307373047, 10.627471208572388, 10.767558813095093, 16.943789958953857, 13.32926058769226, 11.143161535263062], "epoch": [0, 1, 2, 3, 4, 5, 6, 7, 8, 9], "resolution": [128, 128, 128, 128, 128, 128, 128, 128, 128, 128], "batch_size": [128, 128, 128, 128, 128, 128, 128, 128, 128, 128]}