{"peak_memory_per_gpu": [[2501.25, 2501.25], [2553.25, 2553.25], [2593.25, 2593.25], [2593.25, 2593.25], [2593.25, 2593.25], [2593.25, 2593.25], [2593.25, 2593.25], [2593.25, 2593.25], [2593.25, 2593.25], [2593.25, 2593.25]], "gpu_util_per_gpu": [[31, 10], [69, 50], [71, 0], [59, 72], [63, 0], [76, 0], [74, 0], [63, 11], [74, 45], [46, 0]], "epoch_time": [4.201553583145142, 3.348100423812866, 3.4933974742889404, 3.5775365829467773, 3.4255871772766113, 2.785106897354126, 3.3954720497131348, 3.871455669403076, 2.915578603744507, 3.9321300983428955], "epoch": [0, 1, 2, 3, 4, 5, 6, 7, 8, 9], "resolution": [32, 32, 32, 32, 32, 32, 32, 32, 32, 32], "batch_size": [128, 128, 128, 128, 128, 128, 128, 128, 128, 128]}