{"peak_memory_per_gpu": [[50371.25, 50407.25, 50409.25, 50411.25], [50499.25, 50787.25, 50745.25, 50655.25], [50509.25, 50543.25, 50501.25, 50461.25], [50519.25, 50631.25, 50567.25, 50635.25], [50515.25, 50795.25, 50753.25, 50677.25], [50517.25, 50543.25, 50491.25, 50663.25], [50507.25, 50631.25, 50575.25, 50643.25], [50519.25, 50805.25, 50753.25, 50653.25], [50515.25, 50563.25, 50511.25, 50663.25], [50501.25, 50631.25, 50575.25, 50663.25]], "gpu_util_per_gpu": [[100, 0, 0, 0], [100, 99, 0, 0], [100, 0, 0, 0], [100, 0, 0, 0], [100, 33, 0, 0], [100, 0, 0, 0], [100, 37, 0, 0], [100, 18, 0, 0], [100, 60, 0, 0], [100, 0, 0, 0]], "epoch_time": [57.90778660774231, 54.14788889884949, 54.627846002578735, 54.618584632873535, 54.582637548446655, 54.62743425369263, 54.420069217681885, 54.4681031703949, 54.53355622291565, 54.53373312950134], "epoch": [0, 1, 2, 3, 4, 5, 6, 7, 8, 9], "resolution": [128, 128, 128, 128, 128, 128, 128, 128, 128, 128], "batch_size": [64, 64, 64, 64, 64, 64, 64, 64, 64, 64]}