{"peak_memory_per_gpu": [[6701.25, 6703.25, 6699.25, 6671.25], [6729.25, 6663.25, 6719.25, 6711.25], [6713.25, 6715.25, 6727.25, 6637.25], [6661.25, 6717.25, 6665.25, 6673.25], [6715.25, 6697.25, 6737.25, 6693.25], [6735.25, 6681.25, 6665.25, 6711.25], [6675.25, 6677.25, 6695.25, 6653.25], [6713.25, 6661.25, 6631.25, 6691.25], [6713.25, 6663.25, 6719.25, 6691.25], [6783.25, 6677.25, 6739.25, 6693.25]], "gpu_util_per_gpu": [[42, 0, 0, 0], [97, 37, 0, 0], [97, 19, 0, 0], [67, 94, 0, 0], [97, 95, 0, 0], [97, 97, 0, 0], [100, 74, 0, 0], [97, 34, 0, 0], [100, 0, 0, 0], [100, 0, 0, 0]], "epoch_time": [16.53146743774414, 14.036187171936035, 14.849780559539795, 14.457358837127686, 13.533761262893677, 14.876137256622314, 14.229640483856201, 14.797893285751343, 14.593619585037231, 14.862097978591919], "epoch": [0, 1, 2, 3, 4, 5, 6, 7, 8, 9], "resolution": [16, 16, 16, 16, 16, 16, 16, 16, 16, 16], "batch_size": [64, 64, 64, 64, 64, 64, 64, 64, 64, 64]}