{"peak_memory_per_gpu": [[79811.25, 79755.25, 79753.25, 78293.25], [80267.25, 80249.25, 80271.25, 80067.25], [80087.25, 78591.25, 78757.25, 78549.25], [80083.25, 78783.25, 78739.25, 80101.25], [80107.25, 78573.25, 78743.25, 80101.25], [80105.25, 78803.25, 78763.25, 80101.25], [80107.25, 78571.25, 78743.25, 80101.25], [80107.25, 78797.25, 78743.25, 80119.25], [80087.25, 78573.25, 78761.25, 80105.25], [80105.25, 78779.25, 78757.25, 80101.25]], "gpu_util_per_gpu": [[0, 0, 0, 0], [100, 0, 0, 0], [100, 0, 0, 0], [100, 0, 0, 0], [100, 73, 0, 0], [100, 53, 0, 0], [100, 72, 0, 0], [100, 100, 0, 0], [100, 97, 0, 0], [100, 66, 0, 0]], "epoch_time": [85.56163835525513, 82.6373291015625, 82.16923427581787, 82.17991924285889, 82.17431974411011, 82.1378870010376, 82.43466997146606, 82.27292537689209, 82.3221230506897, 82.11273884773254], "epoch": [0, 1, 2, 3, 4, 5, 6, 7, 8, 9], "resolution": [160, 160, 160, 160, 160, 160, 160, 160, 160, 160], "batch_size": [64, 64, 64, 64, 64, 64, 64, 64, 64, 64]}