{"peak_memory_per_gpu": [[8497.25, 8551.25, 8467.25, 8407.25], [8485.25, 8539.25, 8435.25, 8513.25], [8465.25, 8539.25, 8435.25, 8427.25], [8539.25, 8541.25, 8507.25, 8513.25], [8539.25, 8539.25, 8507.25, 8501.25], [8539.25, 8467.25, 8431.25, 8513.25], [8539.25, 8541.25, 8507.25, 8501.25], [8539.25, 8541.25, 8507.25, 8515.25], [8539.25, 8481.25, 8487.25, 8501.25], [8539.25, 8541.25, 8435.25, 8513.25]], "gpu_util_per_gpu": [[93, 0, 0, 0], [100, 95, 0, 0], [62, 50, 0, 0], [95, 44, 0, 0], [97, 48, 0, 0], [97, 38, 0, 0], [97, 10, 0, 0], [97, 46, 0, 0], [94, 64, 0, 0], [100, 78, 0, 0]], "epoch_time": [16.607478141784668, 15.043005228042603, 14.786034345626831, 13.64644193649292, 14.0826575756073, 14.660147428512573, 15.029418706893921, 14.151370763778687, 12.906145811080933, 14.509528160095215], "epoch": [0, 1, 2, 3, 4, 5, 6, 7, 8, 9], "resolution": [32, 32, 32, 32, 32, 32, 32, 32, 32, 32], "batch_size": [64, 64, 64, 64, 64, 64, 64, 64, 64, 64]}