{"peak_memory_per_gpu": [[17073.25, 17129.25, 17291.25, 17409.25], [17873.25, 17587.25, 17859.25, 17935.25], [17827.25, 17575.25, 17805.25, 17935.25], [17839.25, 17815.25, 17885.25, 17837.25], [17925.25, 17669.25, 17671.25, 17933.25], [17839.25, 17815.25, 17635.25, 17895.25], [17851.25, 17817.25, 17655.25, 17841.25], [17839.25, 17907.25, 17669.25, 17861.25], [17889.25, 17615.25, 17617.25, 17899.25], [17835.25, 17817.25, 17609.25, 17899.25]], "gpu_util_per_gpu": [[0, 0, 0, 0], [99, 35, 0, 0], [99, 76, 0, 0], [97, 97, 0, 0], [99, 100, 0, 0], [99, 73, 0, 0], [99, 97, 0, 0], [99, 100, 34, 0], [99, 29, 0, 0], [99, 78, 0, 0]], "epoch_time": [22.70527958869934, 21.85169005393982, 20.697901487350464, 20.451506853103638, 20.871642112731934, 20.746885776519775, 20.46317744255066, 20.67009711265564, 20.507817268371582, 20.51258397102356], "epoch": [0, 1, 2, 3, 4, 5, 6, 7, 8, 9], "resolution": [64, 64, 64, 64, 64, 64, 64, 64, 64, 64], "batch_size": [64, 64, 64, 64, 64, 64, 64, 64, 64, 64]}