{"peak_memory_per_gpu": [[31005.25, 31007.25, 30991.25, 31007.25], [32705.25, 32705.25, 32585.25, 32495.25], [32723.25, 32705.25, 32587.25, 32529.25], [32709.25, 32703.25, 32569.25, 32495.25], [32719.25, 32177.25, 32603.25, 32529.25], [32703.25, 32691.25, 32583.25, 32511.25], [32705.25, 32703.25, 32585.25, 32497.25], [32705.25, 32705.25, 32583.25, 32495.25], [32717.25, 32723.25, 32601.25, 32529.25], [32723.25, 32183.25, 32615.25, 32529.25]], "gpu_util_per_gpu": [[100, 0, 0, 0], [100, 29, 0, 0], [100, 0, 0, 0], [100, 94, 0, 0], [100, 59, 0, 0], [100, 38, 0, 0], [100, 0, 0, 0], [100, 100, 0, 0], [100, 17, 0, 0], [100, 37, 0, 0]], "epoch_time": [37.3328959941864, 35.92674493789673, 36.11296033859253, 35.41652584075928, 34.50037455558777, 36.375367879867554, 35.689913272857666, 35.63961386680603, 34.15201425552368, 34.44321870803833], "epoch": [0, 1, 2, 3, 4, 5, 6, 7, 8, 9], "resolution": [96, 96, 96, 96, 96, 96, 96, 96, 96, 96], "batch_size": [64, 64, 64, 64, 64, 64, 64, 64, 64, 64]}