{"peak_memory_per_gpu": [[59719.25, 59765.25], [59643.25, 58979.25], [61127.25, 60779.25], [61455.25, 59471.25], [60123.25, 60601.25], [60177.25, 61223.25], [61309.25, 60945.25], [60877.25, 60893.25], [59933.25, 62319.25], [61209.25, 60647.25]], "gpu_util_per_gpu": [[0, 0], [100, 59], [99, 76], [100, 100], [100, 89], [100, 0], [100, 29], [100, 100], [100, 23], [100, 59]], "epoch_time": [91.64353132247925, 85.43595600128174, 90.81287145614624, 86.98490262031555, 84.5125424861908, 87.2665627002716, 90.93163299560547, 86.69208335876465, 95.65170764923096, 93.43078994750977], "epoch": [0, 1, 2, 3, 4, 5, 6, 7, 8, 9], "resolution": [128, 128, 128, 128, 128, 128, 128, 128, 128, 128], "batch_size": [64, 64, 64, 64, 64, 64, 64, 64, 64, 64]}