{
    "peak_memory": [
        412.9404296875,
        412.9404296875,
        412.9404296875,
        412.9404296875,
        412.9404296875,
        412.9404296875,
        412.9404296875,
        412.9404296875,
        412.9404296875,
        412.9404296875
    ],
    "gpu_util": [
        52,
        64,
        66,
        69,
        61,
        53,
        73,
        63,
        60,
        67
    ],
    "epoch_time": [
        3.193049907684326,
        2.204265832901001,
        2.2309610843658447,
        2.3073556423187256,
        2.229639768600464,
        2.386645793914795,
        2.3093137741088867,
        2.327610492706299,
        2.3794476985931396,
        2.2560930252075195
    ],
    "epoch": [
        0,
        1,
        2,
        3,
        4,
        5,
        6,
        7,
        8,
        9
    ],
    "resolution": [
        16,
        16,
        16,
        16,
        16,
        16,
        16,
        16,
        16,
        16
    ],
    "batch_size": [
        128,
        128,
        128,
        128,
        128,
        128,
        128,
        128,
        128,
        128
    ]
}