{
    "peak_memory": [
        25762.58984375,
        25762.58984375,
        25762.58984375,
        25762.58984375,
        25762.58984375,
        25762.58984375,
        25762.58984375,
        25762.58984375,
        25762.58984375,
        25762.58984375
    ],
    "gpu_util": [
        51,
        100,
        100,
        100,
        100,
        100,
        100,
        100,
        100,
        100
    ],
    "epoch_time": [
        54.94109129905701,
        30.59270453453064,
        32.76617980003357,
        33.0642523765564,
        31.396209001541138,
        31.35472583770752,
        31.055620193481445,
        31.12464165687561,
        31.053346872329712,
        30.69093942642212
    ],
    "epoch": [
        0,
        1,
        2,
        3,
        4,
        5,
        6,
        7,
        8,
        9
    ],
    "resolution": [
        256,
        256,
        256,
        256,
        256,
        256,
        256,
        256,
        256,
        256
    ],
    "batch_size": [
        128,
        128,
        128,
        128,
        128,
        128,
        128,
        128,
        128,
        128
    ]
}