{
    "peak_memory": [
        729.3388671875,
        730.2294921875,
        725.66015625,
        727.1201171875,
        725.66015625,
        727.1201171875,
        725.66015625,
        727.1201171875,
        725.66015625,
        727.1201171875
    ],
    "gpu_util": [
        72,
        62,
        73,
        62,
        72,
        70,
        72,
        71,
        70,
        71
    ],
    "epoch_time": [
        3.4642791748046875,
        3.0554234981536865,
        2.9263298511505127,
        2.903435468673706,
        2.9029924869537354,
        2.89207124710083,
        2.9320132732391357,
        2.9741737842559814,
        2.9966626167297363,
        2.9477436542510986
    ],
    "epoch": [
        0,
        1,
        2,
        3,
        4,
        5,
        6,
        7,
        8,
        9
    ],
    "resolution": [
        32,
        32,
        32,
        32,
        32,
        32,
        32,
        32,
        32,
        32
    ],
    "batch_size": [
        128,
        128,
        128,
        128,
        128,
        128,
        128,
        128,
        128,
        128
    ]
}