{"peak_memory_per_gpu": [[11551.25, 11551.25], [11619.25, 7347.25], [11635.25, 11539.25], [11635.25, 11035.25], [11635.25, 11611.25], [11635.25, 11027.25], [11635.25, 11361.25], [11635.25, 11573.25], [11635.25, 11217.25], [11635.25, 11389.25]], "gpu_util_per_gpu": [[99, 49], [35, 69], [82, 7], [40, 61], [24, 45], [69, 3], [40, 53], [97, 98], [10, 4], [33, 44]], "epoch_time": [14.28475046157837, 12.834420680999756, 10.618858337402344, 13.165150165557861, 15.112150430679321, 10.583863258361816, 10.95982575416565, 16.19097113609314, 13.119685649871826, 10.75881838798523], "epoch": [0, 1, 2, 3, 4, 5, 6, 7, 8, 9], "resolution": [128, 128, 128, 128, 128, 128, 128, 128, 128, 128], "batch_size": [128, 128, 128, 128, 128, 128, 128, 128, 128, 128]}