{"peak_memory_per_gpu": [[2249.25, 2249.25], [2293.25, 2293.25], [1989.25, 2293.25], [2293.25, 2293.25], [2293.25, 2293.25], [2293.25, 2293.25], [2293.25, 2293.25], [2293.25, 2293.25], [2293.25, 2293.25], [2293.25, 2293.25]], "gpu_util_per_gpu": [[54, 67], [42, 63], [68, 57], [54, 58], [61, 63], [62, 54], [62, 65], [55, 59], [60, 59], [42, 15]], "epoch_time": [2.839759111404419, 2.1953818798065186, 2.185570478439331, 2.2199161052703857, 2.238901138305664, 2.1850790977478027, 2.2905080318450928, 2.210700273513794, 2.227020502090454, 3.1040005683898926], "epoch": [0, 1, 2, 3, 4, 5, 6, 7, 8, 9], "resolution": [16, 16, 16, 16, 16, 16, 16, 16, 16, 16], "batch_size": [128, 128, 128, 128, 128, 128, 128, 128, 128, 128]}