{"peak_memory_per_gpu": [[2501.25, 2501.25], [2553.25, 2553.25], [2593.25, 2593.25], [2593.25, 2593.25], [2593.25, 2593.25], [2593.25, 2593.25], [2593.25, 2593.25], [2593.25, 2593.25], [2593.25, 2593.25], [2593.25, 2593.25]], "gpu_util_per_gpu": [[73, 76], [73, 71], [73, 75], [74, 65], [74, 73], [74, 72], [60, 72], [89, 26], [72, 72], [55, 44]], "epoch_time": [3.7110190391540527, 2.511455774307251, 2.472234010696411, 2.495175838470459, 2.467555284500122, 2.50022029876709, 2.5708916187286377, 3.3420302867889404, 2.7745201587677, 2.99219012260437], "epoch": [0, 1, 2, 3, 4, 5, 6, 7, 8, 9], "resolution": [32, 32, 32, 32, 32, 32, 32, 32, 32, 32], "batch_size": [128, 128, 128, 128, 128, 128, 128, 128, 128, 128]}