{"peak_memory_per_gpu": [[1827.25], [1827.25], [767.6875], [767.6875], [767.6875], [767.6875], [767.6875], [767.6875], [767.6875], [767.6875]], "gpu_util_per_gpu": [[0], [0], [0], [0], [0], [0], [0], [0], [0], [0]], "epoch_time": [19.080289602279663, 20.718542337417603, 18.463523149490356, 17.293527364730835, 17.457850694656372, 18.241806268692017, 17.300017595291138, 17.157809257507324, 18.130964040756226, 17.796990156173706], "epoch": [0, 1, 2, 3, 4, 5, 6, 7, 8, 9], "resolution": [128, 128, 128, 128, 128, 128, 128, 128, 128, 128], "batch_size": [128, 128, 128, 128, 128, 128, 128, 128, 128, 128]}