{"peak_memory_per_gpu": [[1855.25], [1771.25], [1781.25], [1781.25], [1781.25], [1781.25], [1781.25], [1781.25], [1781.25], [1781.25]], "gpu_util_per_gpu": [[65], [63], [64], [63], [43], [63], [41], [50], [60], [49]], "epoch_time": [3.1069815158843994, 2.4770381450653076, 2.4594545364379883, 2.44618558883667, 2.4153149127960205, 2.4803056716918945, 2.5566611289978027, 2.535411834716797, 3.0891082286834717, 3.17098331451416], "epoch": [0, 1, 2, 3, 4, 5, 6, 7, 8, 9], "resolution": [16, 16, 16, 16, 16, 16, 16, 16, 16, 16], "batch_size": [128, 128, 128, 128, 128, 128, 128, 128, 128, 128]}