{"peak_memory_per_gpu": [[1781.25], [767.6875], [767.6875], [767.6875], [767.6875], [1321.25], [3995.25], [3995.25], [3951.25], [3951.25]], "gpu_util_per_gpu": [[43], [0], [0], [0], [0], [1], [76], [76], [72], [78]], "epoch_time": [4.775501728057861, 3.029257297515869, 2.9516983032226562, 2.926668882369995, 2.9262611865997314, 3.0184009075164795, 3.546937942504883, 3.244074821472168, 3.5886878967285156, 3.313260793685913], "epoch": [0, 1, 2, 3, 4, 5, 6, 7, 8, 9], "resolution": [32, 32, 32, 32, 32, 32, 32, 32, 32, 32], "batch_size": [128, 128, 128, 128, 128, 128, 128, 128, 128, 128]}