{"peak_memory_per_gpu": [[53173.25, 52015.25], [54849.25, 53827.25], [54781.25, 53035.25], [55009.25, 54083.25], [54861.25, 53041.25], [55009.25, 53607.25], [54861.25, 53861.25], [54781.25, 53921.25], [54849.25, 53369.25], [55329.25, 53415.25]], "gpu_util_per_gpu": [[100, 0], [100, 72], [100, 55], [100, 0], [100, 0], [100, 77], [100, 0], [100, 66], [100, 85], [100, 22]], "epoch_time": [105.88783264160156, 104.77282738685608, 104.55300164222717, 104.06146669387817, 105.62393689155579, 104.72126030921936, 104.38914370536804, 105.41418647766113, 105.4671905040741, 104.4662492275238], "epoch": [0, 1, 2, 3, 4, 5, 6, 7, 8, 9], "resolution": [128, 128, 128, 128, 128, 128, 128, 128, 128, 128], "batch_size": [64, 64, 64, 64, 64, 64, 64, 64, 64, 64]}