{"peak_memory_per_gpu": [[7865.25, 7935.25], [8793.25, 7551.25], [8575.25, 7515.25], [7995.25, 8045.25], [8545.25, 7575.25], [8389.25, 7347.25], [7897.25, 8237.25], [8539.25, 7915.25], [8221.25, 8425.25], [8345.25, 9133.25]], "gpu_util_per_gpu": [[72, 0], [92, 39], [97, 9], [70, 20], [96, 53], [33, 4], [71, 14], [96, 81], [83, 37], [90, 38]], "epoch_time": [20.426058053970337, 18.07515597343445, 19.19646191596985, 20.255477905273438, 17.64003086090088, 19.26383686065674, 18.222209930419922, 18.802512168884277, 20.39119052886963, 18.181341648101807], "epoch": [0, 1, 2, 3, 4, 5, 6, 7, 8, 9], "resolution": [16, 16, 16, 16, 16, 16, 16, 16, 16, 16], "batch_size": [64, 64, 64, 64, 64, 64, 64, 64, 64, 64]}