{"peak_memory_per_gpu": [[81575.25, 81535.25], [79221.25, 81303.25], [79029.25, 81177.25], [79047.25, 81301.25], [79033.25, 81351.25], [79047.25, 81241.25], [79047.25, 81105.25], [79047.25, 81309.25], [79045.25, 81243.25], [79135.25, 81149.25]], "gpu_util_per_gpu": [[72, 0], [100, 75], [100, 5], [100, 9], [100, 77], [100, 0], [100, 100], [100, 93], [100, 62], [100, 100]], "epoch_time": [161.0523166656494, 161.0959632396698, 160.1288058757782, 160.66616344451904, 160.41952252388, 160.46098613739014, 159.5223491191864, 160.09891986846924, 159.58522653579712, 159.17532444000244], "epoch": [0, 1, 2, 3, 4, 5, 6, 7, 8, 9], "resolution": [160, 160, 160, 160, 160, 160, 160, 160, 160, 160], "batch_size": [64, 64, 64, 64, 64, 64, 64, 64, 64, 64]}