{"peak_memory_per_gpu": [[11251.25, 10665.25], [11271.25, 10913.25], [11259.25, 10551.25], [10781.25, 10897.25], [10781.25, 11019.25], [10891.25, 10973.25], [11021.25, 10747.25], [11217.25, 10505.25], [11237.25, 10773.25], [11255.25, 10443.25]], "gpu_util_per_gpu": [[95, 0], [95, 53], [66, 33], [94, 63], [92, 65], [90, 17], [94, 91], [71, 0], [95, 90], [83, 0]], "epoch_time": [20.89431071281433, 20.88844609260559, 20.13316774368286, 21.424483060836792, 20.986730813980103, 20.68720769882202, 20.124206066131592, 19.801779747009277, 19.91334581375122, 19.982740879058838], "epoch": [0, 1, 2, 3, 4, 5, 6, 7, 8, 9], "resolution": [32, 32, 32, 32, 32, 32, 32, 32, 32, 32], "batch_size": [64, 64, 64, 64, 64, 64, 64, 64, 64, 64]}