{"peak_memory_per_gpu": [[20143.25, 19991.25], [20663.25, 20735.25], [20711.25, 20461.25], [20631.25, 20665.25], [20703.25, 20661.25], [20727.25, 20701.25], [20691.25, 20701.25], [20701.25, 20629.25], [20639.25, 20703.25], [20689.25, 20461.25]], "gpu_util_per_gpu": [[99, 0], [99, 94], [99, 79], [99, 51], [99, 99], [99, 99], [99, 48], [99, 18], [99, 99], [99, 33]], "epoch_time": [36.69824552536011, 35.48258924484253, 35.55952978134155, 35.54102277755737, 36.5864155292511, 35.717424154281616, 35.07116222381592, 34.90632748603821, 35.64806842803955, 36.57128071784973], "epoch": [0, 1, 2, 3, 4, 5, 6, 7, 8, 9], "resolution": [64, 64, 64, 64, 64, 64, 64, 64, 64, 64], "batch_size": [64, 64, 64, 64, 64, 64, 64, 64, 64, 64]}