{"peak_memory_per_gpu": [[34097.25, 33861.25], [36219.25, 35275.25], [36281.25, 35273.25], [36189.25, 35299.25], [36207.25, 35283.25], [36237.25, 35315.25], [36217.25, 35307.25], [36225.25, 35283.25], [36223.25, 35301.25], [36221.25, 35299.25]], "gpu_util_per_gpu": [[100, 8], [100, 0], [100, 0], [96, 8], [100, 76], [100, 14], [100, 82], [100, 100], [100, 47], [100, 78]], "epoch_time": [67.52154874801636, 67.12900376319885, 65.38391137123108, 65.75301909446716, 65.66402864456177, 65.40413665771484, 67.07267761230469, 65.65199327468872, 66.2762291431427, 65.58149337768555], "epoch": [0, 1, 2, 3, 4, 5, 6, 7, 8, 9], "resolution": [96, 96, 96, 96, 96, 96, 96, 96, 96, 96], "batch_size": [64, 64, 64, 64, 64, 64, 64, 64, 64, 64]}