{"peak_memory_per_gpu": [[36161.25], [36695.25], [35533.25], [35207.25], [35209.25], [35311.25], [36663.25], [35247.25], [36665.25], [35271.25]], "gpu_util_per_gpu": [[100], [100], [100], [100], [100], [100], [100], [100], [100], [87]], "epoch_time": [68.43665599822998, 63.27279543876648, 64.08095216751099, 63.41344118118286, 64.10951137542725, 62.538718938827515, 62.75103974342346, 62.3188374042511, 62.7596070766449, 64.33462333679199], "epoch": [0, 1, 2, 3, 4, 5, 6, 7, 8, 9], "resolution": [256, 256, 256, 256, 256, 256, 256, 256, 256, 256], "batch_size": [128, 128, 128, 128, 128, 128, 128, 128, 128, 128]}