{"peak_memory_per_gpu": [[3124.8125], [3202.8125], [2189.25], [2189.25], [2189.25], [2189.25], [2189.25], [2189.25], [2189.25], [2189.25]], "gpu_util_per_gpu": [[93], [96], [74], [76], [71], [67], [74], [66], [59], [76]], "epoch_time": [5.533639907836914, 3.789388656616211, 2.995147228240967, 3.0041635036468506, 3.0279159545898438, 3.8093578815460205, 3.073493003845215, 3.904041290283203, 3.139047861099243, 3.796081781387329], "epoch": [0, 1, 2, 3, 4, 5, 6, 7, 8, 9], "resolution": [32, 32, 32, 32, 32, 32, 32, 32, 32, 32], "batch_size": [128, 128, 128, 128, 128, 128, 128, 128, 128, 128]}