{"peak_memory_per_gpu": [[3995.25], [3951.25], [3773.25], [3881.25], [4211.25], [4221.25], [3861.25], [4221.25], [3881.25], [3891.25]], "gpu_util_per_gpu": [[70], [44], [82], [82], [84], [79], [72], [78], [59], [78]], "epoch_time": [7.1204283237457275, 6.417477130889893, 6.114463567733765, 6.25742506980896, 5.890021085739136, 5.787915945053101, 7.900273084640503, 7.4178338050842285, 6.3604185581207275, 6.6183953285217285], "epoch": [0, 1, 2, 3, 4, 5, 6, 7, 8, 9], "resolution": [64, 64, 64, 64, 64, 64, 64, 64, 64, 64], "batch_size": [128, 128, 128, 128, 128, 128, 128, 128, 128, 128]}