{"peak_memory_per_gpu": [[11157.25], [11221.25], [11213.25], [11245.25], [11219.25], [11213.25], [11251.25], [11213.25], [11253.25], [11213.25]], "gpu_util_per_gpu": [[78], [58], [56], [100], [90], [72], [86], [62], [58], [78]], "epoch_time": [18.99352192878723, 22.23542618751526, 18.436806678771973, 17.036699295043945, 17.82418966293335, 18.10309410095215, 17.302749156951904, 18.572962760925293, 19.198371410369873, 17.424081325531006], "epoch": [0, 1, 2, 3, 4, 5, 6, 7, 8, 9], "resolution": [128, 128, 128, 128, 128, 128, 128, 128, 128, 128], "batch_size": [128, 128, 128, 128, 128, 128, 128, 128, 128, 128]}