{"peak_memory_per_gpu": [[1855.25], [1771.25], [1781.25], [1781.25], [1781.25], [1781.25], [1781.25], [2506.8125], [2686.8125], [3202.8125]], "gpu_util_per_gpu": [[64], [62], [63], [64], [63], [59], [57], [89], [66], [85]], "epoch_time": [3.0849063396453857, 2.447105884552002, 2.454998016357422, 2.5344467163085938, 2.6568357944488525, 2.451272487640381, 2.494925022125244, 3.147256851196289, 3.144463062286377, 3.6616928577423096], "epoch": [0, 1, 2, 3, 4, 5, 6, 7, 8, 9], "resolution": [16, 16, 16, 16, 16, 16, 16, 16, 16, 16], "batch_size": [128, 128, 128, 128, 128, 128, 128, 128, 128, 128]}