{"peak_memory_per_gpu": [[69743.25], [69693.25], [70017.25], [69015.25], [68551.25], [69325.25], [69461.25], [68713.25], [68837.25], [69373.25]], "gpu_util_per_gpu": [[100], [100], [99], [99], [98], [99], [99], [100], [99], [100]], "epoch_time": [149.95268774032593, 139.1325011253357, 146.43903374671936, 149.31517815589905, 145.03417038917542, 140.94241213798523, 142.0644268989563, 136.85862612724304, 147.2834038734436, 139.31980633735657], "epoch": [0, 1, 2, 3, 4, 5, 6, 7, 8, 9], "resolution": [128, 128, 128, 128, 128, 128, 128, 128, 128, 128], "batch_size": [64, 64, 64, 64, 64, 64, 64, 64, 64, 64]}