{"peak_memory_per_gpu": [[54947.25, 52835.25, 53091.25, 53131.25], [53071.25, 55071.25, 55341.25, 52671.25], [55921.25, 53139.25, 55149.25, 52951.25], [53215.25, 55353.25, 52833.25, 52671.25], [55377.25, 54901.25, 52999.25, 53035.25], [55483.25, 54769.25, 55411.25, 52883.25], [52835.25, 52927.25, 55499.25, 53467.25], [55675.25, 55081.25, 55123.25, 55301.25], [54289.25, 55741.25, 52727.25, 55021.25], [55507.25, 55365.25, 54977.25, 55423.25]], "gpu_util_per_gpu": [[0, 0, 0, 0], [100, 100, 0, 0], [100, 100, 0, 0], [99, 37, 0, 0], [100, 12, 0, 0], [99, 21, 0, 0], [100, 0, 0, 0], [100, 100, 0, 0], [99, 41, 0, 0], [100, 0, 0, 0]], "epoch_time": [52.757601499557495, 55.49421548843384, 52.87036919593811, 51.159040212631226, 54.83691692352295, 53.97504425048828, 51.423834562301636, 54.88987159729004, 54.58009910583496, 50.361775398254395], "epoch": [0, 1, 2, 3, 4, 5, 6, 7, 8, 9], "resolution": [128, 128, 128, 128, 128, 128, 128, 128, 128, 128], "batch_size": [64, 64, 64, 64, 64, 64, 64, 64, 64, 64]}