{"peak_memory_per_gpu": [[36233.25, 36233.25, 36233.25, 36233.25], [36239.25, 36239.25, 36239.25, 36239.25], [36303.25, 36303.25, 36303.25, 36303.25], [35519.25, 35519.25, 35519.25, 35519.25], [36271.25, 35537.25, 35537.25, 35537.25], [35509.25, 35401.25, 35401.25, 35401.25], [35537.25, 35599.25, 35599.25, 35599.25], [35401.25, 35343.25, 35343.25, 35343.25], [35599.25, 35735.25, 35735.25, 35735.25], [35343.25, 36367.25, 35599.25, 35599.25]], "gpu_util_per_gpu": [[0, 0, 0, 0], [100, 66, 0, 0], [100, 97, 0, 0], [94, 48, 0, 0], [99, 63, 0, 0], [100, 0, 0, 0], [100, 41, 0, 0], [100, 0, 0, 0], [100, 86, 0, 0], [100, 0, 0, 0]], "epoch_time": [33.252853870391846, 31.808014392852783, 30.636741399765015, 31.183935165405273, 32.023356199264526, 31.060810327529907, 30.683720111846924, 31.024478435516357, 30.77097249031067, 30.972874402999878], "epoch": [0, 1, 2, 3, 4, 5, 6, 7, 8, 9], "resolution": [256, 256, 256, 256, 256, 256, 256, 256, 256, 256], "batch_size": [128, 128, 128, 128, 128, 128, 128, 128, 128, 128]}