{"peak_memory_per_gpu": [[2249.25, 2249.25], [2293.25, 2293.25], [2293.25, 2293.25], [2293.25, 2293.25], [2293.25, 2293.25], [2293.25, 2293.25], [2293.25, 2293.25], [2293.25, 2293.25], [2293.25, 2293.25], [2293.25, 2293.25]], "gpu_util_per_gpu": [[67, 0], [66, 0], [66, 15], [67, 37], [63, 12], [67, 33], [53, 34], [48, 9], [56, 0], [61, 9]], "epoch_time": [3.3955821990966797, 2.2802860736846924, 3.5261664390563965, 3.6924126148223877, 3.7419302463531494, 3.486708402633667, 4.0357277393341064, 3.5081241130828857, 3.4348649978637695, 3.505441188812256], "epoch": [0, 1, 2, 3, 4, 5, 6, 7, 8, 9], "resolution": [16, 16, 16, 16, 16, 16, 16, 16, 16, 16], "batch_size": [128, 128, 128, 128, 128, 128, 128, 128, 128, 128]}