{"peak_memory_per_gpu": [[36557.25, 36557.25], [36763.25, 36763.25], [35803.25, 35803.25], [36011.25, 36011.25], [35803.25, 35803.25], [36011.25, 36011.25], [35803.25, 35803.25], [36011.25, 36011.25], [35803.25, 35803.25], [36011.25, 36011.25]], "gpu_util_per_gpu": [[100, 0], [100, 4], [100, 17], [100, 1], [100, 0], [100, 0], [100, 27], [100, 86], [95, 1], [100, 0]], "epoch_time": [44.745222091674805, 45.447678327560425, 39.33433151245117, 38.64001822471619, 38.67461037635803, 39.64196276664734, 38.6184504032135, 38.624857664108276, 39.70845580101013, 38.69095993041992], "epoch": [0, 1, 2, 3, 4, 5, 6, 7, 8, 9], "resolution": [256, 256, 256, 256, 256, 256, 256, 256, 256, 256], "batch_size": [128, 128, 128, 128, 128, 128, 128, 128, 128, 128]}