{"peak_memory_per_gpu": [[4389.25, 4389.25], [4309.25, 4309.25], [4265.25, 4265.25], [4605.25, 4605.25], [4605.25, 4605.25], [4605.25, 4605.25], [4605.25, 4605.25], [4275.25, 4605.25], [4605.25, 4605.25], [4275.25, 4605.25]], "gpu_util_per_gpu": [[34, 0], [82, 32], [53, 37], [37, 15], [82, 45], [40, 49], [71, 46], [74, 0], [81, 41], [70, 39]], "epoch_time": [6.456902265548706, 4.969815254211426, 3.9179131984710693, 4.296344518661499, 5.5908050537109375, 4.912881851196289, 4.458927392959595, 5.027959823608398, 4.02480673789978, 6.061460018157959], "epoch": [0, 1, 2, 3, 4, 5, 6, 7, 8, 9], "resolution": [64, 64, 64, 64, 64, 64, 64, 64, 64, 64], "batch_size": [128, 128, 128, 128, 128, 128, 128, 128, 128, 128]}