{"peak_memory_per_gpu": [[54627.25], [56023.25], [56035.25], [56035.25], [56035.25], [56035.25], [56035.25], [56035.25], [56035.25], [56035.25]], "gpu_util_per_gpu": [[3], [96], [96], [100], [96], [98], [100], [96], [96], [96]], "epoch_time": [202.7138969898224, 202.22508907318115, 202.03931212425232, 202.0050985813141, 201.9526331424713, 201.6050980091095, 201.75059962272644, 201.04482412338257, 201.81580352783203, 203.46263146400452], "epoch": [0, 1, 2, 3, 4, 5, 6, 7, 8, 9], "resolution": [128, 128, 128, 128, 128, 128, 128, 128, 128, 128], "batch_size": [64, 64, 64, 64, 64, 64, 64, 64, 64, 64]}