{"peak_memory_per_gpu": [[13331.25], [13331.25], [13331.25], [13331.25], [13331.25], [13331.25], [13331.25], [13331.25], [13331.25], [13331.25]], "gpu_util_per_gpu": [[0], [31], [37], [49], [32], [47], [39], [46], [18], [30]], "epoch_time": [37.01304864883423, 36.07535099983215, 36.18551993370056, 35.59951663017273, 35.71375632286072, 36.746604919433594, 36.642101526260376, 36.564144134521484, 36.16467308998108, 35.56483507156372], "epoch": [0, 1, 2, 3, 4, 5, 6, 7, 8, 9], "resolution": [32, 32, 32, 32, 32, 32, 32, 32, 32, 32], "batch_size": [64, 64, 64, 64, 64, 64, 64, 64, 64, 64]}