{"peak_memory_per_gpu": [[37081.25], [38663.25], [39203.25], [39203.25], [39203.25], [39203.25], [39203.25], [39203.25], [39203.25], [38663.25]], "gpu_util_per_gpu": [[78], [96], [95], [95], [89], [73], [100], [66], [70], [96]], "epoch_time": [127.50646710395813, 125.30850028991699, 125.643798828125, 126.48905205726624, 123.24823498725891, 123.61572241783142, 123.23900628089905, 122.99796676635742, 123.33428525924683, 122.49778318405151], "epoch": [0, 1, 2, 3, 4, 5, 6, 7, 8, 9], "resolution": [96, 96, 96, 96, 96, 96, 96, 96, 96, 96], "batch_size": [64, 64, 64, 64, 64, 64, 64, 64, 64, 64]}