{"peak_memory_per_gpu": [[767.6875], [767.6875], [767.6875], [767.6875], [767.6875], [767.6875], [767.6875], [767.6875], [767.6875], [767.6875]], "gpu_util_per_gpu": [[0], [0], [0], [0], [0], [0], [0], [0], [0], [0]], "epoch_time": [68.46343350410461, 63.76706600189209, 63.15754771232605, 62.27357053756714, 62.33234357833862, 62.17305541038513, 62.154484272003174, 62.30145239830017, 62.58564805984497, 62.22698712348938], "epoch": [0, 1, 2, 3, 4, 5, 6, 7, 8, 9], "resolution": [256, 256, 256, 256, 256, 256, 256, 256, 256, 256], "batch_size": [128, 128, 128, 128, 128, 128, 128, 128, 128, 128]}