{"peak_memory_per_gpu": [[3995.25], [3951.25], [3897.25], [3957.25], [3817.25], [3773.25], [3881.25], [3881.25], [3883.25], [4211.25]], "gpu_util_per_gpu": [[46], [73], [81], [41], [79], [80], [71], [76], [70], [73]], "epoch_time": [7.443989276885986, 6.469081163406372, 5.807326078414917, 6.282716274261475, 5.951435327529907, 5.765374660491943, 6.9752490520477295, 7.400140762329102, 6.330570459365845, 6.691011190414429], "epoch": [0, 1, 2, 3, 4, 5, 6, 7, 8, 9], "resolution": [64, 64, 64, 64, 64, 64, 64, 64, 64, 64], "batch_size": [128, 128, 128, 128, 128, 128, 128, 128, 128, 128]}