{"peak_memory_per_gpu": [[11227.25, 11227.25, 11227.25, 11227.25], [11291.25, 11291.25, 11291.25, 11087.25], [11323.25, 11323.25, 11323.25, 11323.25], [11355.25, 11355.25, 11355.25, 11355.25], [11293.25, 11283.25, 11283.25, 11283.25], [11065.25, 11325.25, 11325.25, 11325.25], [11037.25, 11355.25, 11355.25, 11355.25], [11321.25, 11149.25, 11293.25, 11283.25], [11285.25, 11065.25, 11065.25, 11325.25], [11321.25, 11323.25, 11283.25, 11355.25]], "gpu_util_per_gpu": [[60, 81, 87, 62], [39, 43, 81, 41], [79, 0, 34, 99], [21, 42, 28, 28], [15, 41, 100, 25], [0, 11, 99, 0], [78, 100, 90, 89], [56, 0, 68, 0], [38, 0, 64, 51], [95, 25, 100, 12]], "epoch_time": [8.96472716331482, 8.135737895965576, 8.546610832214355, 8.757577657699585, 8.661630868911743, 8.51124906539917, 8.660003662109375, 8.498035907745361, 8.480007886886597, 8.535728693008423], "epoch": [0, 1, 2, 3, 4, 5, 6, 7, 8, 9], "resolution": [128, 128, 128, 128, 128, 128, 128, 128, 128, 128], "batch_size": [128, 128, 128, 128, 128, 128, 128, 128, 128, 128]}