{"peak_memory_per_gpu": [[36233.25, 36233.25, 36233.25, 36233.25], [36239.25, 30695.25, 36239.25, 32599.25], [36303.25, 36303.25, 36303.25, 36303.25], [35519.25, 33223.25, 35727.25, 35519.25], [35537.25, 35537.25, 35247.25, 35537.25], [35401.25, 34585.25, 35597.25, 35401.25], [35599.25, 35599.25, 34415.25, 34375.25], [35343.25, 35343.25, 33741.25, 27119.25], [35735.25, 34239.25, 35537.25, 35735.25], [35599.25, 35599.25, 35401.25, 35599.25]], "gpu_util_per_gpu": [[75, 47, 100, 60], [100, 100, 98, 100], [100, 100, 100, 100], [100, 100, 100, 100], [100, 100, 100, 100], [100, 100, 100, 100], [100, 100, 100, 100], [100, 100, 80, 100], [100, 89, 100, 100], [100, 100, 100, 100]], "epoch_time": [31.380409240722656, 31.779224157333374, 30.8034725189209, 31.79279327392578, 31.355127096176147, 31.837528467178345, 31.474008083343506, 31.661011457443237, 31.960246562957764, 31.1685733795166], "epoch": [0, 1, 2, 3, 4, 5, 6, 7, 8, 9], "resolution": [256, 256, 256, 256, 256, 256, 256, 256, 256, 256], "batch_size": [128, 128, 128, 128, 128, 128, 128, 128, 128, 128]}