{"peak_memory_per_gpu": [[2177.25, 2177.25, 2177.25, 2177.25], [2285.25, 2285.25, 2285.25, 2285.25], [2269.25, 2269.25, 2269.25, 2269.25], [2225.25, 2225.25, 2225.25, 2225.25], [2269.25, 2269.25, 2269.25, 2269.25], [2225.25, 2225.25, 2225.25, 2225.25], [2269.25, 2269.25, 2185.25, 2269.25], [2225.25, 2225.25, 2225.25, 2225.25], [2269.25, 2269.25, 2269.25, 2269.25], [2225.25, 2225.25, 2225.25, 2225.25]], "gpu_util_per_gpu": [[75, 65, 61, 76], [73, 72, 74, 77], [75, 75, 68, 73], [75, 60, 53, 74], [72, 75, 72, 74], [58, 45, 73, 57], [63, 73, 74, 60], [69, 73, 75, 63], [58, 73, 73, 53], [55, 73, 75, 50]], "epoch_time": [3.278768301010132, 2.5474772453308105, 2.5547611713409424, 2.5865817070007324, 2.6528477668762207, 2.508310556411743, 2.6337075233459473, 2.613927125930786, 2.5808775424957275, 2.616605758666992], "epoch": [0, 1, 2, 3, 4, 5, 6, 7, 8, 9], "resolution": [32, 32, 32, 32, 32, 32, 32, 32, 32, 32], "batch_size": [128, 128, 128, 128, 128, 128, 128, 128, 128, 128]}