{"peak_memory_per_gpu": [[4065.25, 4065.25, 4065.25, 4065.25], [3817.25, 3817.25, 3823.25, 3817.25], [4281.25, 4281.25, 3823.25, 4281.25], [3823.25, 3823.25, 3823.25, 3951.25], [3951.25, 3951.25, 3649.25, 3949.25], [3823.25, 3823.25, 3829.25, 3931.25], [3951.25, 3951.25, 3961.25, 3931.25], [3823.25, 3823.25, 4123.25, 3931.25], [3951.25, 3951.25, 3795.25, 3931.25], [3823.25, 3823.25, 3943.25, 3823.25]], "gpu_util_per_gpu": [[37, 22, 20, 37], [35, 15, 6, 30], [0, 17, 22, 1], [1, 69, 62, 0], [0, 53, 45, 0], [34, 4, 77, 20], [81, 73, 64, 1], [54, 39, 36, 52], [28, 12, 2, 26], [55, 39, 36, 52]], "epoch_time": [4.349204063415527, 3.7702689170837402, 3.65572190284729, 3.6985604763031006, 3.7679197788238525, 3.7112810611724854, 3.7641842365264893, 3.757643699645996, 3.737016439437866, 3.6784873008728027], "epoch": [0, 1, 2, 3, 4, 5, 6, 7, 8, 9], "resolution": [64, 64, 64, 64, 64, 64, 64, 64, 64, 64], "batch_size": [128, 128, 128, 128, 128, 128, 128, 128, 128, 128]}