{"peak_memory_per_gpu": [[36557.25, 36557.25], [36763.25, 36763.25], [31755.25, 35803.25], [35467.25, 36011.25], [35803.25, 35803.25], [35875.25, 36011.25], [35803.25, 35803.25], [28691.25, 36011.25], [35803.25, 35803.25], [36011.25, 36011.25]], "gpu_util_per_gpu": [[100, 100], [91, 100], [100, 100], [100, 100], [100, 100], [100, 100], [100, 100], [84, 100], [100, 78], [100, 100]], "epoch_time": [46.15667676925659, 45.45747447013855, 38.68142890930176, 38.79206585884094, 38.68672490119934, 38.60485124588013, 38.51419997215271, 38.5536150932312, 38.704047203063965, 38.49250411987305], "epoch": [0, 1, 2, 3, 4, 5, 6, 7, 8, 9], "resolution": [256, 256, 256, 256, 256, 256, 256, 256, 256, 256], "batch_size": [128, 128, 128, 128, 128, 128, 128, 128, 128, 128]}