{"peak_memory_per_gpu": [[4389.25, 4389.25], [4309.25, 4309.25], [4265.25, 4265.25], [4605.25, 4605.25], [4191.25, 4605.25], [4293.25, 4605.25], [4605.25, 4605.25], [4191.25, 4605.25], [4293.25, 4605.25], [4275.25, 4605.25]], "gpu_util_per_gpu": [[11, 17], [22, 73], [44, 82], [71, 80], [74, 68], [82, 83], [76, 81], [55, 40], [82, 82], [82, 74]], "epoch_time": [6.1923346519470215, 4.171375751495361, 3.9997105598449707, 4.115156888961792, 5.742386341094971, 4.17586874961853, 4.061944961547852, 5.273882150650024, 4.4158430099487305, 4.149322271347046], "epoch": [0, 1, 2, 3, 4, 5, 6, 7, 8, 9], "resolution": [64, 64, 64, 64, 64, 64, 64, 64, 64, 64], "batch_size": [128, 128, 128, 128, 128, 128, 128, 128, 128, 128]}