{"peak_memory_per_gpu": [[1925.25, 1925.25, 1925.25, 1925.25], [1969.25, 1949.25, 1949.25, 1969.25], [1969.25, 1969.25, 1969.25, 1969.25], [1969.25, 1627.25, 1617.25, 1969.25], [1969.25, 1969.25, 1969.25, 1969.25], [1969.25, 1969.25, 1969.25, 1969.25], [1969.25, 1969.25, 1969.25, 1969.25], [1969.25, 1969.25, 1969.25, 1969.25], [1969.25, 1969.25, 1969.25, 1969.25], [1969.25, 1969.25, 1969.25, 1969.25]], "gpu_util_per_gpu": [[41, 69, 68, 33], [65, 65, 70, 62], [66, 60, 57, 66], [65, 66, 64, 66], [68, 63, 64, 66], [66, 66, 63, 66], [61, 53, 60, 74], [67, 57, 55, 66], [65, 64, 65, 67], [66, 59, 55, 67]], "epoch_time": [2.944403886795044, 2.287651777267456, 2.3095548152923584, 2.3225202560424805, 2.2258992195129395, 2.3006386756896973, 2.32395076751709, 2.2681000232696533, 2.3147776126861572, 2.2956347465515137], "epoch": [0, 1, 2, 3, 4, 5, 6, 7, 8, 9], "resolution": [16, 16, 16, 16, 16, 16, 16, 16, 16, 16], "batch_size": [128, 128, 128, 128, 128, 128, 128, 128, 128, 128]}