{
    "peak_memory": [
        6718.9150390625,
        6718.9150390625,
        6718.9150390625,
        6718.9150390625,
        6718.9150390625,
        6718.9150390625,
        6718.9150390625,
        6718.9150390625,
        6718.9150390625,
        6718.9150390625
    ],
    "gpu_util": [
        56,
        75,
        12,
        100,
        40,
        45,
        0,
        100,
        100,
        26
    ],
    "epoch_time": [
        14.230377197265625,
        13.616775035858154,
        10.62669849395752,
        14.911478281021118,
        14.305333137512207,
        10.604405641555786,
        11.584482431411743,
        16.073989152908325,
        11.087735652923584,
        10.675771474838257
    ],
    "epoch": [
        0,
        1,
        2,
        3,
        4,
        5,
        6,
        7,
        8,
        9
    ],
    "resolution": [
        128,
        128,
        128,
        128,
        128,
        128,
        128,
        128,
        128,
        128
    ],
    "batch_size": [
        128,
        128,
        128,
        128,
        128,
        128,
        128,
        128,
        128,
        128
    ]
}