{
    "peak_memory": [
        412.9404296875,
        412.9404296875,
        412.9404296875,
        412.9404296875,
        412.9404296875,
        412.9404296875,
        412.9404296875,
        412.9404296875,
        412.9404296875,
        412.9404296875
    ],
    "gpu_util": [
        63,
        61,
        59,
        59,
        60,
        61,
        56,
        56,
        56,
        40
    ],
    "epoch_time": [
        2.7791128158569336,
        2.2636992931365967,
        2.2490625381469727,
        2.2554662227630615,
        2.2839548587799072,
        2.2395665645599365,
        2.2801625728607178,
        2.2990856170654297,
        2.3195266723632812,
        3.4489588737487793
    ],
    "epoch": [
        0,
        1,
        2,
        3,
        4,
        5,
        6,
        7,
        8,
        9
    ],
    "resolution": [
        16,
        16,
        16,
        16,
        16,
        16,
        16,
        16,
        16,
        16
    ],
    "batch_size": [
        128,
        128,
        128,
        128,
        128,
        128,
        128,
        128,
        128,
        128
    ]
}