{
    "peak_memory": [
        25762.58984375,
        25762.58984375,
        25762.58984375,
        25762.58984375,
        25762.58984375,
        25762.58984375,
        25762.58984375,
        25762.58984375,
        25762.58984375,
        25762.58984375
    ],
    "gpu_util": [
        100,
        100,
        100,
        100,
        100,
        100,
        100,
        100,
        100,
        100
    ],
    "epoch_time": [
        46.335896730422974,
        44.26228165626526,
        38.725708961486816,
        38.74502468109131,
        38.898335456848145,
        38.82126832008362,
        38.92000961303711,
        38.814720153808594,
        38.930240631103516,
        39.00331664085388
    ],
    "epoch": [
        0,
        1,
        2,
        3,
        4,
        5,
        6,
        7,
        8,
        9
    ],
    "resolution": [
        256,
        256,
        256,
        256,
        256,
        256,
        256,
        256,
        256,
        256
    ],
    "batch_size": [
        128,
        128,
        128,
        128,
        128,
        128,
        128,
        128,
        128,
        128
    ]
}