{
    "peak_memory": [
        729.3388671875,
        727.6650390625,
        727.6650390625,
        727.6650390625,
        727.6650390625,
        727.6650390625,
        727.6650390625,
        727.6650390625,
        727.6650390625,
        727.6650390625
    ],
    "gpu_util": [
        0,
        0,
        0,
        0,
        0,
        0,
        8,
        1,
        80,
        74
    ],
    "epoch_time": [
        4.184635639190674,
        2.5262367725372314,
        2.41676926612854,
        2.513641834259033,
        2.4850733280181885,
        2.4850075244903564,
        2.6281654834747314,
        3.938206911087036,
        2.8637070655822754,
        3.882237195968628
    ],
    "epoch": [
        0,
        1,
        2,
        3,
        4,
        5,
        6,
        7,
        8,
        9
    ],
    "resolution": [
        32,
        32,
        32,
        32,
        32,
        32,
        32,
        32,
        32,
        32
    ],
    "batch_size": [
        128,
        128,
        128,
        128,
        128,
        128,
        128,
        128,
        128,
        128
    ]
}