{
    "peak_memory": [
        1934.0400390625,
        1934.9150390625,
        1934.0400390625,
        1934.0400390625,
        1934.0400390625,
        1934.0400390625,
        1934.0400390625,
        1934.9150390625,
        1934.9150390625,
        1934.0400390625
    ],
    "gpu_util": [
        80,
        77,
        78,
        35,
        57,
        76,
        56,
        72,
        81,
        37
    ],
    "epoch_time": [
        6.566570043563843,
        5.272740364074707,
        3.9907915592193604,
        4.054943084716797,
        5.890745162963867,
        4.070629119873047,
        4.0853049755096436,
        5.8530590534210205,
        4.159641742706299,
        4.150001287460327
    ],
    "epoch": [
        0,
        1,
        2,
        3,
        4,
        5,
        6,
        7,
        8,
        9
    ],
    "resolution": [
        64,
        64,
        64,
        64,
        64,
        64,
        64,
        64,
        64,
        64
    ],
    "batch_size": [
        128,
        128,
        128,
        128,
        128,
        128,
        128,
        128,
        128,
        128
    ]
}