{"peak_memory_per_gpu": [[10777.25], [10879.25], [10879.25], [10879.25], [10879.25], [10879.25], [10879.25], [10879.25], [10879.25], [10879.25]], "gpu_util_per_gpu": [[42], [32], [34], [32], [38], [90], [38], [44], [26], [43]], "epoch_time": [31.89665937423706, 31.261534690856934, 31.85852837562561, 31.77297282218933, 32.078444957733154, 31.61482310295105, 32.21285891532898, 31.866708517074585, 33.112950801849365, 32.10881018638611], "epoch": [0, 1, 2, 3, 4, 5, 6, 7, 8, 9], "resolution": [16, 16, 16, 16, 16, 16, 16, 16, 16, 16], "batch_size": [64, 64, 64, 64, 64, 64, 64, 64, 64, 64]}