{"peak_memory_per_gpu": [[80803.25], [80325.25], [80323.25], [80583.25], [80549.25], [80323.25], [80583.25], [80549.25], [80323.25], [80583.25]], "gpu_util_per_gpu": [[100], [96], [100], [100], [100], [100], [96], [100], [100], [100]], "epoch_time": [309.46675753593445, 312.7683947086334, 312.14598989486694, 310.8892869949341, 309.8458044528961, 311.5253953933716, 312.41041135787964, 311.5485141277313, 310.43771505355835, 310.76247119903564], "epoch": [0, 1, 2, 3, 4, 5, 6, 7, 8, 9], "resolution": [160, 160, 160, 160, 160, 160, 160, 160, 160, 160], "batch_size": [64, 64, 64, 64, 64, 64, 64, 64, 64, 64]}