{"peak_memory_per_gpu": [[21525.25], [22161.25], [22401.25], [22401.25], [22401.25], [22401.25], [22401.25], [22401.25], [22401.25], [22401.25]], "gpu_util_per_gpu": [[47], [53], [57], [48], [57], [42], [61], [42], [0], [43]], "epoch_time": [71.18530535697937, 68.13724565505981, 69.28659677505493, 68.50761675834656, 69.1201868057251, 68.67478561401367, 69.27906060218811, 67.54876780509949, 69.26623630523682, 67.95172381401062], "epoch": [0, 1, 2, 3, 4, 5, 6, 7, 8, 9], "resolution": [64, 64, 64, 64, 64, 64, 64, 64, 64, 64], "batch_size": [64, 64, 64, 64, 64, 64, 64, 64, 64, 64]}